ID,age,gender,year_of_study,hours-per-day,feel-connected,feel-increase-stress,feel-distracted,feel-improved-mood,usage-stay-in-touch,usage-entertainment,usage-networking,usage-news,usage-expression,LinkedIn,Instagram,Reddit,Facebook,X (Twitter),TikTok,Snapchat
1,24,Male,4,Less than 2 hours,Neutral,Neutral,Agree,Agree,4,2,3,5,1,1,1,1,1,1,0,0
2,24,Female,4,2–4 hours,Agree,Strongly agree,Strongly disagree,Agree,5,2,1,3,4,0,1,0,1,0,1,1
3,20,Male,2,Less than 2 hours,Neutral,Neutral,Agree,Agree,3,5,2,4,1,1,0,1,0,1,1,1
4,23,Female,4,2–4 hours,Agree,Agree,Agree,Disagree,4,5,3,2,1,1,1,1,1,0,1,0
5,21,Male,2,4–6 hours,Strongly agree,Strongly disagree,Strongly disagree,Agree,2,4,3,1,5,0,1,1,1,1,1,0
6,19,Male,1,4–6 hours,Neutral,Strongly disagree,Agree,Agree,3,5,1,4,2,0,1,1,0,1,1,0
7,22,Male,3,Less than 2 hours,Neutral,Strongly agree,Agree,Agree,3,2,5,4,1,1,1,1,1,0,1,1
8,18,Female,1,Less than 2 hours,Agree,Neutral,Neutral,Strongly agree,5,4,1,2,3,0,1,0,1,0,1,0
9,21,Female,3,4–6 hours,Agree,Strongly disagree,Neutral,Agree,5,4,3,1,2,1,1,1,0,1,1,0
10,21,Male,3,2–4 hours,Neutral,Disagree,Disagree,Agree,5,1,4,2,3,0,0,1,1,0,1,0
11,19,Male,1,4–6 hours,Neutral,Neutral,Strongly agree,Agree,3,1,4,5,2,1,0,1,0,1,1,0
12,22,Male,3,4–6 hours,Agree,Disagree,Strongly agree,Disagree,1,2,5,4,3,0,1,1,1,1,0,0
13,24,Male,4,Less than 2 hours,Neutral,Disagree,Neutral,Strongly agree,4,5,2,3,1,0,1,1,1,0,1,0
14,20,Female,2,2–4 hours,Strongly agree,Disagree,Strongly agree,Agree,3,5,1,2,4,1,1,1,0,1,1,1
15,19,Male,1,2–4 hours,Strongly agree,Strongly disagree,Agree,Strongly agree,5,1,4,2,3,0,1,1,0,0,1,0
16,25,Non-binary/Other,4,2–4 hours,Agree,Neutral,Neutral,Agree,3,1,4,5,2,0,1,1,1,0,1,0
17,25,Female,4,2–4 hours,Strongly agree,Strongly disagree,Agree,Disagree,4,2,3,1,5,1,1,0,1,1,1,0
18,18,Female,1,4–6 hours,Neutral,Neutral,Neutral,Neutral,1,2,3,4,5,0,1,1,1,0,1,1
19,19,Male,1,4–6 hours,Neutral,Neutral,Neutral,Neutral,4,5,3,2,1,0,1,1,0,1,1,1
20,21,Female,3,4–6 hours,Strongly agree,Strongly disagree,Strongly agree,Agree,1,4,3,2,5,1,1,0,0,0,1,1
21,24,Male,4,2–4 hours,Agree,Strongly agree,Agree,Neutral,3,5,1,4,2,0,1,1,1,0,1,1
22,18,Male,1,2–4 hours,Strongly agree,Strongly disagree,Strongly agree,Neutral,5,4,3,2,1,0,1,1,1,0,1,0
23,25,Female,4,Less than 2 hours,Neutral,Neutral,Agree,Neutral,3,1,5,4,2,0,1,1,1,1,1,0
24,25,Male,4,2–4 hours,Neutral,Agree,Agree,Agree,1,5,4,3,2,1,1,1,1,1,1,0
25,18,Female,1,4–6 hours,Neutral,Disagree,Neutral,Agree,3,5,4,2,1,1,1,0,1,1,1,1
26,19,Male,1,4–6 hours,Strongly disagree,Neutral,Agree,Agree,3,2,4,1,5,0,1,1,1,1,1,1
27,19,Female,1,2–4 hours,Agree,Disagree,Disagree,Neutral,4,5,1,3,2,1,1,1,0,1,1,0
28,24,Female,3,4–6 hours,Disagree,Neutral,Strongly agree,Strongly agree,3,5,2,1,4,0,1,1,1,1,1,1
29,19,Male,2,4–6 hours,Agree,Strongly disagree,Agree,Agree,3,2,4,1,5,1,1,1,0,0,1,0
30,23,Male,4,2–4 hours,Agree,Disagree,Agree,Disagree,2,4,3,5,1,1,1,1,1,0,0,1
31,22,Female,3,2–4 hours,Strongly agree,Neutral,Agree,Agree,2,1,5,3,4,0,1,0,0,1,1,1
32,23,Female,4,2–4 hours,Neutral,Agree,Agree,Agree,2,5,3,4,1,1,1,0,1,0,1,1
33,19,Female,1,2–4 hours,Neutral,Strongly agree,Agree,Disagree,4,1,3,5,2,0,1,0,1,0,1,0
34,21,Female,3,2–4 hours,Neutral,Strongly disagree,Strongly agree,Neutral,4,2,1,5,3,1,1,1,0,0,1,1
35,18,Male,1,4–6 hours,Agree,Disagree,Neutral,Agree,1,4,2,3,5,0,0,1,0,1,1,1
36,23,Male,4,Less than 2 hours,Neutral,Neutral,Neutral,Agree,4,3,5,2,1,1,1,1,1,1,1,0
37,18,Female,1,2–4 hours,Neutral,Disagree,Strongly agree,Strongly disagree,2,1,4,5,3,1,1,0,0,1,1,0
38,20,Male,2,Less than 2 hours,Disagree,Agree,Strongly agree,Agree,2,1,4,3,5,0,1,1,0,1,1,0
39,24,Male,3,4–6 hours,Strongly agree,Strongly agree,Neutral,Neutral,5,2,3,1,4,0,1,1,1,0,0,1
40,21,Male,3,Less than 2 hours,Disagree,Agree,Neutral,Neutral,2,1,5,3,4,0,1,1,0,0,1,1
41,20,Female,2,2–4 hours,Agree,Agree,Strongly agree,Neutral,1,3,4,2,5,1,1,0,1,0,1,1
42,19,Female,1,4–6 hours,Neutral,Neutral,Neutral,Strongly disagree,4,1,3,5,2,0,1,1,0,1,1,1
43,18,Male,2,4–6 hours,Strongly agree,Agree,Neutral,Neutral,4,1,2,5,3,1,1,1,0,0,1,1
44,25,Male,4,More than 6 hours,Strongly agree,Strongly agree,Agree,Disagree,5,3,1,4,2,1,1,1,1,1,1,0
45,19,Male,1,4–6 hours,Neutral,Neutral,Neutral,Agree,5,2,4,3,1,1,1,1,0,1,1,0
46,25,Male,4,2–4 hours,Strongly agree,Neutral,Agree,Neutral,3,4,2,1,5,0,0,1,1,1,1,0
47,24,Male,4,2–4 hours,Neutral,Disagree,Disagree,Agree,2,4,3,1,5,0,1,1,1,0,0,0
48,21,Female,3,4–6 hours,Disagree,Disagree,Agree,Disagree,5,1,4,3,2,1,1,0,1,0,0,0
49,25,Non-binary/Other,3,Less than 2 hours,Neutral,Agree,Agree,Neutral,5,2,4,3,1,1,0,1,1,1,1,1
50,21,Non-binary/Other,3,4–6 hours,Agree,Neutral,Strongly agree,Disagree,2,4,1,5,3,0,1,0,1,0,1,0
51,20,Female,2,More than 6 hours,Strongly agree,Agree,Neutral,Neutral,5,4,3,1,2,1,1,1,1,0,1,1
52,20,Non-binary/Other,2,2–4 hours,Agree,Neutral,Strongly disagree,Agree,1,3,5,2,4,1,1,1,0,1,1,0
53,19,Male,1,4–6 hours,Strongly disagree,Neutral,Neutral,Disagree,3,2,1,4,5,0,1,1,0,1,1,1
54,22,Male,3,4–6 hours,Agree,Strongly disagree,Disagree,Agree,1,3,5,4,2,0,0,1,0,1,0,1
55,18,Male,2,Less than 2 hours,Neutral,Disagree,Strongly disagree,Strongly agree,5,2,3,1,4,1,0,1,0,0,1,1
56,22,Male,3,Less than 2 hours,Neutral,Agree,Strongly agree,Neutral,5,3,2,1,4,0,1,1,1,1,0,1
57,21,Female,3,Less than 2 hours,Neutral,Neutral,Strongly agree,Disagree,5,4,2,3,1,0,1,1,0,0,1,0
58,18,Female,1,4–6 hours,Neutral,Agree,Agree,Disagree,4,1,3,2,5,0,1,1,1,0,1,0
59,20,Male,2,2–4 hours,Agree,Neutral,Agree,Strongly agree,1,4,5,3,2,1,1,1,0,1,1,0
60,19,Female,1,4–6 hours,Disagree,Neutral,Strongly agree,Neutral,4,5,2,3,1,0,1,1,1,1,1,0
61,21,Male,3,More than 6 hours,Agree,Strongly agree,Agree,Agree,4,3,5,2,1,0,1,1,0,1,1,0
62,25,Non-binary/Other,4,2–4 hours,Neutral,Agree,Strongly agree,Strongly disagree,5,4,1,3,2,0,1,0,1,0,1,0
63,22,Female,3,Less than 2 hours,Disagree,Strongly agree,Neutral,Neutral,5,4,1,2,3,1,1,1,1,0,1,1
64,21,Male,3,Less than 2 hours,Disagree,Agree,Agree,Neutral,1,4,5,2,3,0,0,1,0,1,1,0
65,23,Female,4,2–4 hours,Agree,Strongly disagree,Disagree,Agree,5,2,3,1,4,0,1,1,1,0,0,1
66,18,Male,1,4–6 hours,Disagree,Disagree,Disagree,Strongly disagree,5,2,3,4,1,0,0,1,1,1,1,0
67,20,Male,2,4–6 hours,Disagree,Neutral,Agree,Agree,3,2,5,1,4,0,1,1,0,1,1,0
68,23,Female,4,2–4 hours,Agree,Strongly agree,Strongly agree,Disagree,3,5,1,4,2,0,1,1,1,1,1,0
69,21,Male,3,Less than 2 hours,Neutral,Disagree,Strongly agree,Agree,4,2,5,3,1,0,1,1,0,0,1,0
70,20,Female,2,4–6 hours,Agree,Disagree,Agree,Disagree,2,3,4,5,1,0,1,1,1,0,1,0
71,18,Male,1,4–6 hours,Agree,Agree,Agree,Agree,5,3,4,2,1,0,1,1,1,0,1,0
72,18,Male,1,4–6 hours,Neutral,Strongly disagree,Agree,Disagree,4,5,3,1,2,0,1,1,1,1,1,0
73,20,Female,3,2–4 hours,Agree,Agree,Agree,Strongly disagree,2,5,4,3,1,1,1,1,0,0,1,1
74,19,Female,1,4–6 hours,Strongly disagree,Neutral,Agree,Neutral,4,5,1,2,3,1,1,1,0,1,1,0
75,18,Female,2,4–6 hours,Strongly agree,Neutral,Agree,Agree,4,1,3,2,5,0,1,0,0,1,1,0
76,22,Female,3,2–4 hours,Neutral,Agree,Strongly agree,Strongly agree,1,4,3,2,5,0,1,1,0,0,1,1
77,18,Female,1,4–6 hours,Neutral,Disagree,Agree,Agree,1,3,4,5,2,1,1,1,0,0,1,0
78,20,Female,2,4–6 hours,Agree,Strongly agree,Agree,Agree,2,4,1,5,3,1,1,0,0,0,1,0
79,19,Female,1,2–4 hours,Neutral,Strongly disagree,Disagree,Strongly agree,1,3,5,2,4,0,1,1,0,0,1,0
80,18,Female,1,4–6 hours,Strongly agree,Disagree,Neutral,Disagree,4,3,2,5,1,0,1,0,1,0,1,0
81,21,Male,3,2–4 hours,Agree,Disagree,Strongly agree,Agree,5,1,3,2,4,0,1,1,0,1,0,1
82,18,Male,1,4–6 hours,Neutral,Neutral,Agree,Strongly agree,2,4,3,5,1,1,0,1,0,0,1,0
83,20,Male,2,4–6 hours,Neutral,Strongly agree,Agree,Neutral,4,3,5,1,2,0,0,1,1,0,1,1
84,21,Non-binary/Other,3,More than 6 hours,Strongly agree,Strongly disagree,Strongly agree,Neutral,1,4,3,5,2,1,1,0,0,0,1,1
85,22,Female,3,Less than 2 hours,Disagree,Disagree,Agree,Strongly agree,3,5,4,1,2,1,1,0,1,0,0,1
86,21,Male,2,2–4 hours,Agree,Agree,Strongly disagree,Agree,5,2,1,4,3,1,1,1,0,1,1,0
87,20,Female,2,4–6 hours,Agree,Agree,Agree,Disagree,3,4,2,5,1,1,1,1,0,1,1,0
88,18,Female,1,4–6 hours,Disagree,Strongly agree,Agree,Strongly disagree,4,1,5,3,2,0,1,0,0,0,1,1
89,18,Male,1,4–6 hours,Agree,Agree,Neutral,Disagree,2,1,4,3,5,0,1,1,0,1,1,0
90,20,Male,2,Less than 2 hours,Neutral,Disagree,Agree,Agree,2,5,1,3,4,1,1,1,0,1,1,0
91,21,Male,2,Less than 2 hours,Neutral,Disagree,Strongly disagree,Strongly agree,2,1,5,4,3,0,1,1,1,1,1,0
92,18,Female,1,4–6 hours,Agree,Strongly disagree,Agree,Neutral,4,3,1,5,2,0,1,1,0,1,1,1
93,20,Male,2,4–6 hours,Agree,Disagree,Neutral,Disagree,4,2,1,5,3,0,1,1,1,0,1,1
94,24,Male,4,2–4 hours,Strongly agree,Disagree,Strongly agree,Neutral,3,4,2,1,5,0,1,1,1,1,1,0
95,24,Female,4,2–4 hours,Agree,Agree,Strongly agree,Neutral,5,2,4,1,3,0,1,0,1,0,1,0
96,22,Male,3,2–4 hours,Agree,Neutral,Disagree,Neutral,4,1,2,5,3,1,1,1,0,0,1,0
97,20,Male,2,More than 6 hours,Agree,Disagree,Agree,Disagree,3,2,5,1,4,0,1,1,1,1,1,0
98,19,Non-binary/Other,1,2–4 hours,Agree,Agree,Disagree,Disagree,5,4,2,1,3,0,1,1,0,1,1,0
99,22,Non-binary/Other,3,Less than 2 hours,Neutral,Neutral,Agree,Strongly disagree,1,5,3,4,2,1,1,0,0,0,1,0
100,21,Male,3,4–6 hours,Agree,Disagree,Strongly agree,Strongly agree,2,5,3,4,1,0,1,1,1,0,0,0
101,21,Male,3,Less than 2 hours,Neutral,Disagree,Agree,Disagree,3,1,4,2,5,1,1,1,0,0,1,0
102,20,Male,2,More than 6 hours,Agree,Neutral,Strongly agree,Neutral,4,5,2,3,1,1,1,1,1,0,1,0
103,20,Female,2,Less than 2 hours,Neutral,Strongly disagree,Agree,Neutral,4,1,3,5,2,1,1,0,0,0,1,0
104,19,Male,1,2–4 hours,Strongly agree,Agree,Neutral,Strongly disagree,3,2,4,1,5,0,1,1,0,0,1,0
105,25,Male,3,Less than 2 hours,Disagree,Strongly disagree,Strongly disagree,Disagree,1,3,2,4,5,0,1,1,1,1,1,0
106,25,Male,4,2–4 hours,Agree,Neutral,Agree,Agree,3,1,2,5,4,1,0,1,1,1,1,0
107,22,Female,3,2–4 hours,Neutral,Agree,Neutral,Neutral,2,5,3,1,4,0,1,0,0,1,1,1
108,22,Female,3,4–6 hours,Agree,Disagree,Agree,Agree,2,3,5,4,1,0,1,1,1,1,0,0
109,19,Female,1,4–6 hours,Disagree,Agree,Strongly agree,Agree,2,3,5,4,1,1,1,1,0,0,1,0
110,18,Male,1,4–6 hours,Disagree,Strongly agree,Neutral,Agree,3,4,5,2,1,0,1,1,0,1,1,1
111,21,Male,3,Less than 2 hours,Neutral,Strongly agree,Strongly agree,Disagree,3,1,2,4,5,1,1,1,0,0,1,0
112,23,Male,4,2–4 hours,Strongly agree,Agree,Agree,Agree,3,4,2,1,5,0,1,1,1,1,1,0
113,22,Female,3,4–6 hours,Neutral,Neutral,Agree,Disagree,1,3,4,5,2,0,1,0,0,0,1,1
114,19,Male,2,2–4 hours,Neutral,Strongly disagree,Agree,Agree,1,5,2,4,3,0,1,1,0,0,1,0
115,19,Male,1,4–6 hours,Disagree,Agree,Agree,Disagree,1,3,4,2,5,1,1,1,0,0,1,1
116,19,Male,1,4–6 hours,Disagree,Neutral,Agree,Agree,2,3,5,1,4,0,1,1,0,1,1,0
117,18,Female,1,4–6 hours,Agree,Neutral,Neutral,Strongly agree,1,2,3,5,4,0,1,0,1,0,1,1
118,20,Female,3,4–6 hours,Strongly disagree,Disagree,Agree,Neutral,1,5,4,3,2,0,1,1,1,0,1,1
119,21,Female,3,2–4 hours,Strongly agree,Agree,Neutral,Neutral,3,4,2,1,5,1,1,0,0,1,1,0
120,23,Male,4,2–4 hours,Agree,Disagree,Disagree,Neutral,4,5,1,2,3,1,1,1,1,1,0,0
121,20,Female,2,2–4 hours,Neutral,Strongly agree,Neutral,Strongly disagree,2,3,1,4,5,0,1,1,0,1,1,0
122,19,Male,1,4–6 hours,Neutral,Agree,Neutral,Strongly disagree,2,1,4,5,3,0,1,1,1,1,1,1
123,21,Female,3,4–6 hours,Agree,Strongly agree,Agree,Agree,5,1,2,4,3,1,1,1,0,0,1,0
124,21,Female,2,2–4 hours,Strongly agree,Neutral,Neutral,Neutral,4,2,5,1,3,0,1,0,1,0,1,1
125,22,Female,3,2–4 hours,Agree,Strongly agree,Agree,Disagree,2,4,1,5,3,0,1,0,1,0,1,0
126,19,Male,1,More than 6 hours,Disagree,Agree,Disagree,Agree,3,2,4,1,5,0,1,1,1,0,1,0
127,24,Female,4,Less than 2 hours,Neutral,Neutral,Neutral,Strongly disagree,1,4,2,3,5,1,1,0,1,1,1,1
128,25,Female,4,2–4 hours,Neutral,Disagree,Agree,Strongly disagree,2,3,5,1,4,0,1,1,1,0,1,1
129,20,Female,2,2–4 hours,Disagree,Disagree,Neutral,Neutral,5,3,1,4,2,1,1,0,0,0,1,1
130,22,Male,3,2–4 hours,Agree,Strongly disagree,Strongly agree,Neutral,5,3,2,4,1,0,1,1,1,1,1,0
131,24,Female,4,2–4 hours,Neutral,Strongly disagree,Neutral,Strongly agree,1,2,5,4,3,1,1,1,1,0,1,0
132,21,Non-binary/Other,3,2–4 hours,Agree,Disagree,Strongly agree,Disagree,3,4,1,5,2,0,0,1,0,0,1,0
133,21,Non-binary/Other,3,4–6 hours,Agree,Strongly disagree,Disagree,Strongly agree,2,4,1,5,3,0,1,1,0,0,1,0
134,24,Non-binary/Other,4,2–4 hours,Disagree,Disagree,Strongly agree,Strongly agree,3,1,5,4,2,0,1,0,1,1,1,0
135,23,Female,4,2–4 hours,Strongly disagree,Agree,Agree,Strongly disagree,5,1,2,3,4,0,1,1,1,1,0,1
136,21,Male,3,4–6 hours,Agree,Disagree,Agree,Agree,1,3,4,5,2,1,1,1,1,1,1,0
137,23,Female,4,2–4 hours,Disagree,Neutral,Strongly agree,Disagree,5,4,1,2,3,0,1,0,1,1,1,0
138,18,Male,1,4–6 hours,Disagree,Agree,Disagree,Agree,1,5,4,3,2,0,1,1,0,0,1,0
139,22,Male,3,4–6 hours,Strongly agree,Disagree,Agree,Neutral,1,4,2,5,3,0,1,1,0,0,1,1
140,21,Male,3,Less than 2 hours,Disagree,Agree,Neutral,Agree,2,3,1,5,4,0,1,1,0,1,1,1
141,18,Non-binary/Other,1,4–6 hours,Agree,Agree,Neutral,Agree,5,2,4,1,3,1,0,0,1,0,1,0
142,18,Male,1,4–6 hours,Disagree,Strongly disagree,Strongly agree,Agree,4,1,5,3,2,0,0,1,1,1,1,0
143,19,Male,1,4–6 hours,Strongly agree,Neutral,Disagree,Agree,1,2,5,4,3,1,1,1,0,1,1,0
144,22,Non-binary/Other,2,2–4 hours,Neutral,Neutral,Agree,Disagree,5,3,1,2,4,0,1,0,1,0,1,1
145,22,Male,3,4–6 hours,Neutral,Strongly disagree,Strongly agree,Neutral,3,5,2,4,1,1,1,1,0,0,0,1
146,23,Female,4,2–4 hours,Strongly agree,Neutral,Disagree,Disagree,4,1,5,2,3,1,1,0,1,1,1,0
147,18,Female,1,4–6 hours,Neutral,Agree,Neutral,Disagree,5,3,2,4,1,0,1,0,0,1,1,0
148,25,Male,3,2–4 hours,Strongly agree,Neutral,Disagree,Agree,1,5,4,2,3,0,0,1,1,0,1,0
149,20,Non-binary/Other,2,2–4 hours,Strongly agree,Strongly disagree,Agree,Neutral,2,5,3,1,4,1,1,1,0,1,1,0
150,18,Female,1,2–4 hours,Strongly agree,Disagree,Agree,Neutral,4,1,2,3,5,0,1,1,0,1,1,0
151,22,Female,3,2–4 hours,Agree,Agree,Agree,Neutral,5,4,2,3,1,1,1,0,0,0,1,1
152,20,Female,2,2–4 hours,Agree,Disagree,Agree,Agree,1,3,2,5,4,0,1,0,1,1,1,0
153,22,Female,3,2–4 hours,Agree,Disagree,Neutral,Agree,3,2,4,1,5,0,1,0,1,0,1,0
154,19,Female,1,4–6 hours,Disagree,Neutral,Strongly agree,Agree,2,4,3,1,5,0,1,1,0,0,1,1
155,21,Female,3,4–6 hours,Disagree,Neutral,Neutral,Neutral,1,2,3,4,5,0,1,0,1,0,0,1
156,22,Female,3,Less than 2 hours,Disagree,Disagree,Agree,Disagree,2,4,1,3,5,0,1,0,1,1,1,1
157,18,Male,1,4–6 hours,Neutral,Agree,Agree,Strongly disagree,3,5,1,4,2,0,0,1,0,1,1,0
158,18,Female,1,2–4 hours,Agree,Strongly disagree,Strongly agree,Strongly agree,1,4,2,5,3,0,1,0,1,1,1,1
159,18,Non-binary/Other,1,4–6 hours,Neutral,Strongly agree,Agree,Strongly agree,3,5,1,2,4,0,1,0,1,1,1,0
160,21,Non-binary/Other,2,4–6 hours,Agree,Neutral,Disagree,Agree,2,4,1,5,3,1,1,0,1,1,1,0
161,24,Non-binary/Other,4,2–4 hours,Neutral,Strongly agree,Agree,Neutral,5,3,4,2,1,0,1,1,1,0,1,0
162,19,Male,1,4–6 hours,Agree,Strongly agree,Disagree,Strongly disagree,5,1,2,3,4,1,1,1,0,1,1,1
163,21,Female,2,4–6 hours,Neutral,Neutral,Strongly agree,Agree,4,2,3,5,1,1,1,0,1,1,1,0
164,18,Female,1,4–6 hours,Disagree,Strongly disagree,Agree,Agree,4,1,5,3,2,1,1,0,0,1,1,1
165,19,Male,1,4–6 hours,Strongly disagree,Strongly agree,Disagree,Disagree,2,3,1,4,5,1,0,1,0,0,1,1
166,18,Male,1,4–6 hours,Neutral,Agree,Agree,Strongly disagree,1,3,5,2,4,1,1,1,0,1,1,1
167,19,Non-binary/Other,1,2–4 hours,Disagree,Strongly disagree,Agree,Agree,4,3,1,5,2,1,1,1,0,0,1,0
168,20,Female,2,More than 6 hours,Strongly agree,Strongly agree,Strongly agree,Neutral,1,2,4,5,3,0,1,0,1,0,1,1
169,18,Female,1,4–6 hours,Neutral,Disagree,Disagree,Agree,5,2,3,4,1,1,1,0,1,0,1,1
170,18,Male,1,4–6 hours,Strongly agree,Neutral,Neutral,Strongly agree,2,4,5,1,3,0,1,1,1,0,1,1
171,22,Female,3,4–6 hours,Agree,Strongly disagree,Agree,Neutral,2,3,5,1,4,0,1,1,0,0,1,1
172,19,Female,1,4–6 hours,Disagree,Neutral,Neutral,Agree,2,1,4,3,5,0,1,0,1,1,1,1
173,19,Female,1,More than 6 hours,Agree,Strongly agree,Disagree,Disagree,2,4,3,1,5,0,1,0,1,0,1,0
174,19,Female,1,4–6 hours,Disagree,Neutral,Strongly agree,Strongly agree,1,5,4,3,2,1,1,0,1,0,1,0
175,19,Male,1,4–6 hours,Disagree,Agree,Disagree,Neutral,2,5,1,3,4,0,1,1,0,1,1,1
176,18,Female,1,4–6 hours,Strongly agree,Strongly agree,Disagree,Neutral,3,2,5,4,1,0,1,0,0,0,1,1
177,23,Non-binary/Other,4,Less than 2 hours,Disagree,Neutral,Disagree,Strongly agree,4,3,2,1,5,0,1,1,1,0,1,1
178,21,Non-binary/Other,3,4–6 hours,Neutral,Agree,Neutral,Disagree,5,4,2,3,1,1,1,0,1,1,1,0
179,22,Male,3,Less than 2 hours,Disagree,Neutral,Agree,Disagree,5,3,4,1,2,0,1,1,1,1,1,0
180,22,Non-binary/Other,4,Less than 2 hours,Disagree,Disagree,Neutral,Strongly disagree,2,1,4,3,5,0,1,1,1,0,1,1
181,24,Male,4,2–4 hours,Agree,Disagree,Strongly agree,Disagree,5,4,2,3,1,1,1,1,1,1,0,1
182,23,Male,4,More than 6 hours,Neutral,Strongly agree,Strongly disagree,Disagree,5,3,4,1,2,0,0,1,1,1,1,1
183,20,Female,1,2–4 hours,Agree,Neutral,Disagree,Disagree,5,1,2,4,3,1,1,1,0,0,1,0
184,20,Female,2,Less than 2 hours,Neutral,Neutral,Agree,Agree,4,2,3,1,5,1,1,0,0,1,1,1
185,22,Male,2,4–6 hours,Strongly agree,Strongly agree,Strongly agree,Agree,1,2,5,3,4,0,0,1,1,1,1,0
186,22,Female,3,2–4 hours,Strongly agree,Strongly agree,Neutral,Agree,2,5,4,3,1,0,1,0,0,1,1,0
187,24,Female,3,4–6 hours,Neutral,Strongly disagree,Agree,Strongly agree,2,5,1,3,4,1,1,1,1,0,1,1
188,22,Male,3,4–6 hours,Agree,Neutral,Disagree,Neutral,4,2,3,5,1,1,1,1,0,0,1,0
189,18,Female,1,4–6 hours,Agree,Strongly agree,Neutral,Agree,2,5,4,1,3,1,1,0,0,1,1,0
190,20,Female,2,4–6 hours,Strongly agree,Disagree,Agree,Neutral,5,2,1,3,4,0,1,1,1,1,1,1
191,18,Male,1,2–4 hours,Agree,Agree,Strongly agree,Disagree,4,1,5,3,2,1,0,1,1,0,1,0
192,22,Female,3,Less than 2 hours,Neutral,Agree,Agree,Neutral,1,5,3,2,4,1,1,0,0,1,1,0
193,18,Male,1,4–6 hours,Neutral,Agree,Strongly agree,Strongly agree,2,4,5,1,3,1,1,1,0,0,1,0
194,18,Female,1,2–4 hours,Strongly disagree,Neutral,Strongly agree,Agree,4,2,3,1,5,0,1,1,1,1,1,0
195,18,Male,1,2–4 hours,Neutral,Strongly agree,Disagree,Disagree,1,3,4,5,2,0,1,1,1,0,1,0
196,18,Female,1,4–6 hours,Agree,Disagree,Neutral,Agree,4,3,1,5,2,0,1,1,0,0,1,0
197,19,Female,2,Less than 2 hours,Neutral,Disagree,Strongly agree,Agree,4,3,5,2,1,1,1,0,0,1,1,0
198,18,Female,1,2–4 hours,Neutral,Disagree,Disagree,Strongly agree,1,3,2,4,5,0,1,0,1,1,1,0
199,22,Male,3,Less than 2 hours,Disagree,Agree,Strongly disagree,Strongly disagree,4,5,3,1,2,0,1,1,1,1,1,0
200,22,Female,3,4–6 hours,Neutral,Strongly disagree,Disagree,Disagree,3,4,1,5,2,0,1,1,0,0,0,1
201,24,Non-binary/Other,4,Less than 2 hours,Neutral,Strongly disagree,Agree,Disagree,4,1,3,2,5,0,1,1,1,1,1,1
202,19,Male,1,4–6 hours,Neutral,Agree,Strongly disagree,Disagree,2,1,3,5,4,0,1,1,1,1,1,0
203,23,Female,4,Less than 2 hours,Neutral,Disagree,Agree,Agree,1,4,2,5,3,0,1,0,1,0,0,0
204,19,Male,1,2–4 hours,Disagree,Strongly agree,Neutral,Agree,2,4,5,1,3,0,1,1,0,0,1,1
205,18,Male,1,4–6 hours,Neutral,Agree,Neutral,Neutral,1,2,3,4,5,1,1,1,1,0,1,1
206,19,Female,1,4–6 hours,Disagree,Neutral,Disagree,Agree,1,5,2,3,4,1,1,0,1,0,1,1
207,25,Male,4,Less than 2 hours,Neutral,Neutral,Neutral,Disagree,3,5,4,1,2,0,1,1,1,1,0,0
208,19,Female,1,2–4 hours,Agree,Disagree,Disagree,Disagree,4,1,2,5,3,0,1,0,0,1,1,1
209,20,Female,2,Less than 2 hours,Disagree,Strongly disagree,Agree,Disagree,3,2,1,5,4,0,1,0,0,1,1,1
210,20,Male,2,Less than 2 hours,Neutral,Strongly agree,Disagree,Strongly disagree,1,2,4,5,3,0,1,1,0,0,1,0
211,19,Female,1,2–4 hours,Strongly agree,Agree,Agree,Disagree,4,2,1,3,5,1,1,0,1,1,1,0
212,21,Non-binary/Other,4,2–4 hours,Strongly disagree,Agree,Agree,Neutral,3,4,5,2,1,0,1,0,0,0,1,0
213,20,Male,2,2–4 hours,Agree,Disagree,Strongly agree,Neutral,5,3,1,2,4,0,1,1,0,0,1,1
214,18,Male,1,2–4 hours,Strongly agree,Disagree,Strongly agree,Strongly agree,1,4,5,3,2,0,1,1,1,1,1,0
215,19,Male,1,2–4 hours,Neutral,Disagree,Agree,Agree,2,1,3,5,4,1,1,1,1,1,1,0
216,23,Male,4,Less than 2 hours,Neutral,Strongly agree,Strongly agree,Neutral,4,2,1,5,3,0,1,1,1,0,1,0
217,21,Non-binary/Other,3,Less than 2 hours,Neutral,Disagree,Strongly agree,Disagree,5,2,3,4,1,0,1,1,0,0,1,1
218,20,Female,2,Less than 2 hours,Disagree,Neutral,Neutral,Disagree,1,3,2,5,4,0,1,0,1,1,1,1
219,19,Female,1,4–6 hours,Neutral,Disagree,Strongly agree,Strongly agree,2,4,3,5,1,0,1,0,1,0,1,0
220,24,Male,4,2–4 hours,Agree,Strongly disagree,Strongly agree,Neutral,1,4,5,2,3,1,0,1,1,0,1,1
221,19,Female,1,2–4 hours,Agree,Disagree,Disagree,Agree,5,1,2,3,4,1,1,0,0,0,1,1
222,18,Male,1,4–6 hours,Agree,Strongly agree,Strongly agree,Disagree,5,4,1,2,3,0,1,1,1,0,1,1
223,19,Female,1,4–6 hours,Neutral,Neutral,Neutral,Disagree,2,1,3,4,5,0,1,0,1,1,1,0
224,25,Female,4,2–4 hours,Agree,Disagree,Disagree,Agree,5,4,3,1,2,0,1,0,1,0,1,0
225,20,Female,2,Less than 2 hours,Neutral,Neutral,Disagree,Agree,2,5,3,4,1,1,1,1,1,0,1,1
226,23,Non-binary/Other,4,2–4 hours,Neutral,Agree,Agree,Strongly agree,5,1,2,3,4,1,1,0,1,0,1,0
227,20,Female,2,4–6 hours,Strongly agree,Agree,Agree,Disagree,1,3,2,5,4,0,1,1,1,0,1,0
228,18,Female,1,4–6 hours,Agree,Agree,Disagree,Agree,1,5,2,4,3,0,1,1,0,1,1,0
229,18,Female,1,4–6 hours,Neutral,Disagree,Neutral,Disagree,1,2,5,3,4,0,1,0,1,1,1,0
230,20,Female,2,2–4 hours,Agree,Agree,Neutral,Strongly disagree,5,4,1,2,3,1,1,0,0,1,1,0
231,20,Female,1,2–4 hours,Agree,Strongly disagree,Strongly agree,Neutral,3,5,2,1,4,0,1,1,1,0,1,0
232,18,Female,1,4–6 hours,Neutral,Agree,Strongly agree,Neutral,5,2,1,3,4,0,1,1,0,0,1,0
233,20,Female,3,2–4 hours,Agree,Neutral,Strongly agree,Neutral,1,3,5,2,4,0,1,1,0,0,1,1
234,18,Female,1,4–6 hours,Neutral,Agree,Neutral,Disagree,2,5,4,1,3,0,1,0,1,0,1,1
235,25,Male,4,2–4 hours,Strongly agree,Disagree,Disagree,Strongly disagree,1,4,2,5,3,1,1,1,1,1,1,0
236,22,Male,3,4–6 hours,Strongly agree,Agree,Agree,Agree,5,2,3,1,4,0,1,1,0,1,1,1
237,18,Female,1,4–6 hours,Disagree,Agree,Agree,Neutral,4,3,5,1,2,0,1,1,0,1,1,1
238,23,Male,4,2–4 hours,Strongly agree,Strongly agree,Strongly agree,Neutral,1,2,4,5,3,0,1,1,1,1,1,1
239,19,Non-binary/Other,1,4–6 hours,Neutral,Strongly agree,Strongly agree,Neutral,2,5,3,1,4,1,1,0,0,0,1,0
240,19,Female,1,4–6 hours,Neutral,Disagree,Strongly agree,Agree,4,1,5,3,2,1,1,0,0,0,1,1
241,18,Male,2,More than 6 hours,Strongly agree,Agree,Strongly agree,Strongly agree,3,1,5,4,2,0,0,1,1,0,1,0
242,21,Male,3,Less than 2 hours,Disagree,Disagree,Neutral,Agree,3,4,2,1,5,1,1,1,0,1,0,0
243,18,Female,1,4–6 hours,Neutral,Disagree,Agree,Neutral,1,3,4,5,2,0,1,0,1,1,1,0
244,20,Male,2,Less than 2 hours,Neutral,Strongly disagree,Strongly agree,Strongly agree,2,5,4,1,3,1,1,1,0,0,1,0
245,19,Male,1,4–6 hours,Disagree,Agree,Strongly agree,Neutral,1,2,4,5,3,0,0,1,1,0,1,0
246,19,Female,2,2–4 hours,Neutral,Disagree,Agree,Neutral,1,3,4,5,2,0,1,0,1,0,1,0
247,18,Female,1,2–4 hours,Agree,Strongly agree,Strongly disagree,Neutral,5,3,4,2,1,1,1,0,0,0,1,1
248,18,Female,1,More than 6 hours,Neutral,Agree,Disagree,Agree,2,4,3,5,1,1,1,1,1,0,1,0
249,19,Male,1,2–4 hours,Agree,Strongly disagree,Strongly disagree,Agree,3,1,2,4,5,0,1,1,0,0,1,1
250,25,Female,4,2–4 hours,Agree,Agree,Disagree,Strongly agree,5,3,4,2,1,0,1,1,1,1,0,0
251,20,Male,2,4–6 hours,Disagree,Disagree,Neutral,Neutral,4,2,1,5,3,1,0,1,1,0,1,1
252,18,Male,1,4–6 hours,Agree,Neutral,Strongly agree,Neutral,4,1,3,5,2,1,1,1,0,1,1,1
253,20,Female,2,Less than 2 hours,Disagree,Neutral,Neutral,Agree,3,5,2,4,1,1,1,0,0,1,1,0
254,19,Female,1,4–6 hours,Disagree,Strongly agree,Strongly agree,Strongly disagree,3,2,4,5,1,1,1,0,0,0,1,1
255,18,Male,1,More than 6 hours,Agree,Strongly disagree,Strongly agree,Neutral,1,4,5,3,2,0,1,1,1,0,1,1
256,22,Female,3,More than 6 hours,Agree,Agree,Neutral,Strongly disagree,2,1,3,4,5,0,1,1,0,1,1,0
257,18,Male,1,2–4 hours,Neutral,Strongly agree,Disagree,Neutral,4,2,1,3,5,1,1,1,0,0,1,1
258,19,Non-binary/Other,1,4–6 hours,Disagree,Neutral,Agree,Agree,3,2,5,4,1,0,1,1,0,1,1,0
259,21,Female,2,2–4 hours,Disagree,Strongly agree,Neutral,Disagree,4,1,5,3,2,1,1,0,1,0,0,0
260,21,Non-binary/Other,4,2–4 hours,Neutral,Agree,Neutral,Strongly disagree,1,3,4,5,2,1,0,1,0,1,1,0
261,22,Non-binary/Other,4,2–4 hours,Agree,Strongly disagree,Neutral,Neutral,4,3,5,2,1,1,1,0,0,0,1,0
262,18,Male,1,2–4 hours,Strongly agree,Agree,Agree,Neutral,4,1,2,5,3,0,1,1,1,1,1,1
263,20,Female,2,2–4 hours,Strongly agree,Strongly disagree,Neutral,Agree,3,5,2,1,4,1,1,1,0,1,1,1
264,25,Female,4,Less than 2 hours,Disagree,Disagree,Disagree,Neutral,2,4,5,1,3,1,1,0,1,0,1,0
265,19,Female,1,More than 6 hours,Agree,Agree,Agree,Strongly agree,4,3,1,5,2,1,1,1,0,0,1,1
266,18,Male,1,2–4 hours,Agree,Neutral,Disagree,Agree,5,1,2,3,4,0,1,1,1,1,1,0
267,23,Female,4,Less than 2 hours,Neutral,Disagree,Strongly agree,Strongly agree,3,4,5,1,2,1,1,0,1,0,1,1
268,20,Female,2,Less than 2 hours,Disagree,Agree,Agree,Strongly disagree,1,4,3,2,5,1,1,1,1,0,1,1
269,24,Male,4,2–4 hours,Agree,Strongly disagree,Agree,Agree,4,2,1,3,5,1,1,1,1,1,1,1
270,24,Female,4,Less than 2 hours,Neutral,Strongly agree,Strongly agree,Strongly agree,1,4,2,5,3,0,1,0,1,1,1,0
271,18,Male,1,2–4 hours,Neutral,Neutral,Strongly agree,Disagree,1,3,2,4,5,1,1,1,0,1,1,0
272,22,Male,3,Less than 2 hours,Disagree,Strongly disagree,Agree,Agree,1,3,2,5,4,0,1,1,0,1,0,0
273,19,Female,1,4–6 hours,Neutral,Neutral,Neutral,Agree,4,2,1,3,5,0,1,0,0,1,1,1
274,18,Male,1,2–4 hours,Agree,Strongly agree,Agree,Disagree,1,4,5,2,3,1,0,1,0,1,1,0
275,24,Female,4,2–4 hours,Agree,Agree,Strongly agree,Disagree,1,4,5,2,3,0,1,0,1,1,1,0
276,20,Male,2,Less than 2 hours,Disagree,Agree,Agree,Neutral,1,4,3,2,5,0,1,1,1,0,1,0
277,20,Female,2,Less than 2 hours,Neutral,Strongly disagree,Agree,Strongly disagree,3,1,5,4,2,0,1,1,0,0,1,1
278,19,Male,1,4–6 hours,Neutral,Disagree,Strongly agree,Strongly disagree,1,5,3,2,4,1,1,1,1,0,1,1
279,19,Non-binary/Other,1,More than 6 hours,Agree,Agree,Strongly agree,Neutral,2,3,4,5,1,1,1,1,0,1,1,0
280,20,Male,2,Less than 2 hours,Disagree,Disagree,Agree,Neutral,4,5,1,2,3,1,1,1,0,0,1,1
281,19,Non-binary/Other,1,2–4 hours,Strongly agree,Strongly disagree,Strongly disagree,Strongly agree,4,5,2,1,3,0,1,0,0,1,1,0
282,18,Male,1,2–4 hours,Strongly disagree,Strongly disagree,Agree,Disagree,2,1,5,4,3,0,0,1,0,1,1,0
283,18,Male,1,2–4 hours,Agree,Disagree,Neutral,Strongly disagree,4,2,3,1,5,1,0,1,0,0,1,0
284,25,Male,4,Less than 2 hours,Neutral,Agree,Agree,Agree,4,5,1,3,2,1,1,1,1,0,1,1
285,20,Non-binary/Other,2,Less than 2 hours,Neutral,Strongly disagree,Disagree,Strongly disagree,5,3,1,4,2,1,0,0,1,1,1,0
286,18,Female,1,4–6 hours,Disagree,Neutral,Agree,Agree,5,2,1,4,3,0,1,1,0,0,1,0
287,19,Female,1,2–4 hours,Strongly agree,Strongly agree,Agree,Agree,5,2,1,4,3,1,1,1,1,0,1,0
288,18,Female,1,4–6 hours,Strongly agree,Strongly agree,Strongly agree,Disagree,1,4,5,2,3,0,1,0,0,0,1,0
289,20,Male,2,2–4 hours,Strongly agree,Disagree,Disagree,Disagree,3,1,2,4,5,0,1,1,0,1,1,1
290,18,Male,2,2–4 hours,Strongly agree,Strongly disagree,Disagree,Neutral,1,5,4,2,3,1,0,1,1,1,1,1
291,23,Female,4,2–4 hours,Agree,Disagree,Strongly agree,Neutral,5,1,2,4,3,0,1,1,1,1,1,1
292,22,Female,2,2–4 hours,Neutral,Strongly agree,Disagree,Neutral,4,2,1,5,3,1,1,0,0,1,1,1
293,20,Male,2,4–6 hours,Agree,Strongly agree,Strongly agree,Agree,1,4,5,3,2,1,1,1,1,0,1,1
294,19,Female,1,4–6 hours,Agree,Neutral,Neutral,Strongly agree,3,1,2,5,4,1,1,0,0,0,1,0
295,20,Female,1,More than 6 hours,Strongly agree,Neutral,Neutral,Strongly disagree,2,3,1,4,5,0,1,0,1,1,1,0
296,18,Non-binary/Other,1,2–4 hours,Neutral,Agree,Agree,Agree,4,5,2,1,3,0,1,1,1,1,1,0
297,22,Female,3,2–4 hours,Agree,Strongly agree,Disagree,Disagree,4,2,5,3,1,0,1,0,1,1,0,0
298,21,Female,3,2–4 hours,Disagree,Neutral,Strongly agree,Strongly disagree,5,1,2,4,3,0,1,1,0,1,1,0
299,18,Male,1,4–6 hours,Disagree,Strongly disagree,Strongly agree,Disagree,5,1,4,2,3,1,1,1,1,1,1,1
300,18,Male,1,4–6 hours,Strongly disagree,Strongly disagree,Neutral,Disagree,1,2,3,4,5,1,0,1,1,0,1,0
